Product,P50,P75,P90
DMB(DA80/RT20)-Hub,50.26147730713062,57.24347317283957,65.35292555117577
DMB(DA80/RT20)-Busbar,40.230974271476086,45.990676282324465,52.80512264373487
RT_Busbar,38.28611103618783,45.2928215765837,54.6905174110117
DA_Busbar,40.44195629101574,46.39343985962317,54.04839387241741
RT_Hub,48.20886757117044,57.480414445928986,70.99099554344289
DA_Hub,50.02381220005462,57.38512245807114,66.0475501937688
