Product,P50,P75,P90
DMB(DA80/RT20)-Hub,50.22755726320245,57.22359197045575,65.34749938290486
DMB(DA80/RT20)-Busbar,39.42228491161215,45.24241922370973,52.06868809751323
RT_Busbar,36.41559428113135,43.50564799314743,52.840104010301864
DA_Busbar,39.67800108368926,45.69141221428592,53.32121466476458
RT_Hub,47.872865943753254,57.14785407587546,70.73630206059843
DA_Hub,50.02381220005462,57.37386795999297,66.0414786548406
