Metric,mean,p10,p50,p90,std
DA/RT Busbar Spread,5.609024977189781,-12.253199999999996,1.793499999999998,24.560799999999997,114.01325584839911
DA/RT Hub Spread,3.924370019768856,-9.944099999999999,1.990000000000002,21.07320000000001,133.79613827021728
RT Node-Hub Basis,-11.363335386253041,-29.296999999999997,0.0,1.1000000000000014,88.45264955670953
DA Node-Hub Basis,-9.678680428832116,-29.366999999999997,-0.33000000000000185,1.0300000000000011,31.978929017439714
Daily RT Peak-Trough,165.58487408759123,20.492,51.62899999999999,240.64,481.976042047944
Daily DA Peak-Trough,140.6146624087591,24.23,52.385000000000005,239.81,360.23394840397395
"Corr(Gen, RT_Hub)",0.08184072862802329,,,,
"Corr(Gen, DA_Hub)",0.10141024406354819,,,,
