Metric,mean,p10,p50,p90,std
DA/RT Busbar Spread,1.815537979014599,-11.372399999999999,2.4070000000000027,17.270900000000008,39.671497545579946
DA/RT Hub Spread,1.6545468369829683,-11.2107,2.312999999999999,16.975500000000007,37.93062100702904
RT Node-Hub Basis,-0.05364564324817523,-2.435,0.23700000000000188,3.1659999999999986,8.377140406089769
DA Node-Hub Basis,0.10734549878345508,-1.6129999999999995,0.197499999999998,2.6237000000000004,4.724726282432433
Daily RT Peak-Trough,108.02431204379563,36.864,75.1,162.29899999999998,167.26993351958086
Daily DA Peak-Trough,86.58780839416058,39.614999999999995,68.202,132.30849999999998,90.92795692081391
"Corr(Gen, RT_Hub)",-0.24808425125913047,,,,
"Corr(Gen, DA_Hub)",-0.30493587663171123,,,,
