Product,P50,P75,P90
DMB(DA80/RT20)-Hub,44.19383045320538,45.78478927296777,47.27953889652862
DMB(DA80/RT20)-Busbar,31.8197399522262,33.608550052452244,35.39993562891482
RT_Busbar,32.01844741495906,35.03345207401121,38.41725323474393
DA_Busbar,31.674695210834944,33.38316294054427,35.11296511020854
RT_Hub,43.651454626336815,46.59675445398154,50.075081942503495
DA_Hub,44.18762500497783,45.75441836251123,47.12518104855003
