Product,P50,P75,P90
DMB(DA80/RT20)-Hub,43.02877725295571,46.53520185137364,50.81198163497267
DMB(DA80/RT20)-Busbar,42.946906269381785,46.46607932288485,50.76662322096958
RT_Busbar,41.89141484800419,46.373660481063986,53.94821027417939
DA_Busbar,43.077817450022806,46.50160535930459,50.651016745280884
RT_Hub,42.13026798810237,46.44131774332992,53.79482843666045
DA_Hub,43.06853485158666,46.52158403853991,50.56648579676604
