Product,P50,P75,P90
DMB(DA80/RT20)-Hub,44.20913209546675,45.798381377465375,47.32431418174091
DMB(DA80/RT20)-Busbar,33.068659590001346,34.80191551103943,36.53664023530716
RT_Busbar,34.318009274248695,37.25109362092349,40.69106114070939
DA_Busbar,32.85973174145237,34.48935531923829,36.16781881469825
RT_Hub,43.97439601294553,46.86731821349038,50.33924959083023
DA_Hub,44.19763746649416,45.76728602596192,47.129861698554585
