Metric,mean,p10,p50,p90,std
DA/RT Busbar Spread,-0.4527607968369829,-15.896999999999997,1.779999999999999,18.27,33.66525056467973
DA/RT Hub Spread,0.25540107968369824,-12.426999999999998,2.7299999999999995,17.37,34.39188207142611
RT Node-Hub Basis,-12.143326870437956,-38.637,-3.639999999999999,0.5,20.900501191359407
DA Node-Hub Basis,-12.851488746958637,-34.327,-7.310000000000002,-0.259999999999998,15.029011743601247
Daily RT Peak-Trough,88.61457116788321,18.659999999999997,53.985,192.78500000000003,115.23993058597254
Daily DA Peak-Trough,37.84339416058394,16.46,31.735,67.595,22.269514185910275
"Corr(Gen, RT_Hub)",-0.05992022835805781,,,,
"Corr(Gen, DA_Hub)",-0.09584418453066318,,,,
